condition,seed,damage_amplitude,alive,death_time,divisions,boundary_recovery,metabolic_recovery,information_repair_recovery
native,2026091900,0.6,True,,1,0.9987961890335373,0.9996055729998945,1.0003830744187245
native,2026091901,0.6,True,,1,1.0004960304856618,0.9999411966621636,0.9972565441316081
native,2026091902,0.6,True,,1,0.9996271344174706,1.0003091338826569,0.9973394275513491
native,2026091903,0.6,True,,1,0.9998513037646614,0.9999322544862773,0.9957299543233765
native,2026091904,0.6,True,,1,0.9989377471061299,0.99965800134499,1.0008282961755521
native,2026091905,0.6,True,,1,0.9988872321343824,0.999547290795461,0.9960298225861784
native,2026091906,0.6,True,,1,1.000086579407261,1.0000235880830777,0.9982370365446178
native,2026091907,0.6,True,,1,0.9995991793754948,1.000011348038861,0.9976895013142875
native,2026091908,0.6,True,,1,1.000410108066293,0.9999134068120478,1.0007991791217832
native,2026091909,0.6,True,,1,0.9989865714199506,0.999782974942971,0.9987006238249658
native,2026091910,0.6,True,,1,1.0006936506327038,1.0003643700068023,0.9985571065437225
native,2026091911,0.6,True,,1,0.9996284162334327,0.9992872267882266,0.99839320427369
native,2026091912,0.6,True,,1,1.0009322510524437,1.0004861040605098,0.9991655067006233
native,2026091913,0.6,True,,1,0.9989306369765931,0.9995908519414616,0.9995919978695363
native,2026091914,0.6,True,,1,1.001095766266908,1.000961833268543,0.9980648552869377
native,2026091915,0.6,True,,1,0.9991501995756941,0.9996788602854861,0.9958087718931827
native,2026091916,0.6,True,,1,1.000824320198929,0.9998495316568266,0.9951273752886196
native,2026091917,0.6,True,,1,1.0000053786320362,1.0002482470377076,0.9970779997716577
native,2026091918,0.6,True,,1,1.0001049919729512,0.9997402785874882,1.0005147026520012
native,2026091919,0.6,True,,1,1.000657769132959,1.0001682917560923,0.9950805030989607
native,2026091920,0.6,True,,1,0.9991967268541655,0.9997503229149843,0.9967841103794683
native,2026091921,0.6,True,,1,1.0006261215518168,1.0000565691063523,0.9994094796294175
native,2026091922,0.6,True,,1,0.999101213033646,0.9994909389094335,0.9977649031978381
native,2026091923,0.6,True,,1,0.9997477274476166,0.9997852328158177,1.0001814963941957
native,2026091924,0.6,True,,1,1.0004355342398072,0.9999482155856435,1.0022235662669752
native,2026091925,0.6,True,,1,1.0004902105638025,1.0004168682201764,1.0015066153837162
native,2026091926,0.6,True,,1,0.999158308398248,0.999685875606956,1.0021633464520041
native,2026091927,0.6,True,,1,0.9994152662088882,0.9997192171207872,0.9987194156035851
native,2026091928,0.6,True,,1,0.9996016300353725,0.9996012287284923,0.9986955737986575
native,2026091929,0.6,True,,1,0.9987139234545891,0.9994664639469285,0.9988046275014489
native,2026091930,0.6,True,,1,0.9996465293590491,1.0003299847203675,0.9926489979252617
native,2026091931,0.6,True,,1,1.000157366045091,0.9994784536538434,0.9969265392064297
joint_erased,2026091900,0.6,False,54.26,0,0.3443334065303012,0.16788187232434307,0.48606522962429216
joint_erased,2026091901,0.6,False,54.300000000000004,0,0.34344559016261766,0.1683896572005768,0.4888282629620896
joint_erased,2026091902,0.6,False,54.08,0,0.3504082650829646,0.16722801922672442,0.49359357608441073
joint_erased,2026091903,0.6,False,54.1,0,0.34724949806855615,0.1691236667672394,0.49093457953897124
joint_erased,2026091904,0.6,False,54.14,0,0.34923514198188504,0.16958601189834907,0.5000826706075113
joint_erased,2026091905,0.6,False,54.160000000000004,0,0.34786057482433286,0.16755080954552595,0.4898622862238627
joint_erased,2026091906,0.6,False,54.38,0,0.34146520488081905,0.16800985967320936,0.48368093523981465
joint_erased,2026091907,0.6,False,54.36,0,0.34087414529672194,0.16728767405184267,0.48034737391191606
joint_erased,2026091908,0.6,False,54.4,0,0.3418665355804012,0.167505969791682,0.48462435818720784
joint_erased,2026091909,0.6,False,54.480000000000004,0,0.3417230039228546,0.16796942862899367,0.482127777841944
joint_erased,2026091910,0.6,False,54.32,0,0.34381973263250465,0.16866587475266648,0.48720198174616564
joint_erased,2026091911,0.6,False,54.32,0,0.3446959095951469,0.16763712118593405,0.48993724464874294
joint_erased,2026091912,0.6,False,54.42,0,0.3426052520972442,0.16842227022726775,0.48226073184539126
joint_erased,2026091913,0.6,False,54.46,0,0.34407607129772494,0.16865458772986958,0.4907254591146767
joint_erased,2026091914,0.6,False,54.300000000000004,0,0.34151416815059416,0.16775790903668292,0.4849537932882814
joint_erased,2026091915,0.6,False,54.28,0,0.34753262458658835,0.1690302470743632,0.4915443522963573
joint_erased,2026091916,0.6,False,54.120000000000005,0,0.3467406561247661,0.16868734244949968,0.488966277908335
joint_erased,2026091917,0.6,False,54.160000000000004,0,0.34646885908836644,0.16860741631575787,0.49482198809768657
joint_erased,2026091918,0.6,False,54.2,0,0.3447107988072189,0.16884752312925672,0.48857270407763964
joint_erased,2026091919,0.6,False,54.1,0,0.34264139493882745,0.16846826822462088,0.48968726906304316
joint_erased,2026091920,0.6,False,54.2,0,0.34980941163347323,0.16964992695730552,0.4906431182716538
joint_erased,2026091921,0.6,False,54.14,0,0.34568875935842824,0.16888016248294968,0.48910682181048004
joint_erased,2026091922,0.6,False,54.42,0,0.34559000001331175,0.16867887437505477,0.4799943241096808
joint_erased,2026091923,0.6,False,54.34,0,0.3433753154770017,0.1683639649428849,0.48327245873969576
joint_erased,2026091924,0.6,False,54.18,0,0.3494626288648095,0.16890135056513347,0.48823743200721575
joint_erased,2026091925,0.6,False,54.160000000000004,0,0.3464298929632922,0.16948496606890975,0.4900843406146955
joint_erased,2026091926,0.6,False,54.04,0,0.3516512977483441,0.16862194020679186,0.4977193181232349
joint_erased,2026091927,0.6,False,54.14,0,0.35070642554965353,0.16695900363374908,0.4941262590673475
joint_erased,2026091928,0.6,False,54.54,0,0.34164676312335374,0.16780499277837047,0.4873568618787711
joint_erased,2026091929,0.6,False,54.4,0,0.3408957718222955,0.16838888543924987,0.4852796128501895
joint_erased,2026091930,0.6,False,54.300000000000004,0,0.3475658889896629,0.169295052196119,0.49115883509465
joint_erased,2026091931,0.6,False,54.32,0,0.3474049000216021,0.1682740785934977,0.48813525652879075
time_shifted,2026091900,0.6,False,67.76,0,0.8905959961484715,0.23722890787923426,0.9090999924661736
time_shifted,2026091901,0.6,False,67.78,0,0.8935494552256162,0.21138244849160748,0.9059779735116216
time_shifted,2026091902,0.6,False,67.76,0,0.8930506068413501,0.1910496634908686,0.9110481340627562
time_shifted,2026091903,0.6,False,67.78,0,0.8889460472471699,0.19287817542404365,0.9041626070232951
time_shifted,2026091904,0.6,False,67.76,0,0.8928369165506508,0.22026221539304675,0.909066813091572
time_shifted,2026091905,0.6,False,67.8,0,0.8889722607542005,0.18568867851533064,0.899607935108134
time_shifted,2026091906,0.6,False,67.8,0,0.8927574200202147,0.19191483388474131,0.9040842888501751
time_shifted,2026091907,0.6,False,67.78,0,0.8914671841261779,0.20373360450715333,0.9060492407860103
time_shifted,2026091908,0.6,False,67.82000000000001,0,0.8898071847582674,0.20002328733290767,0.9058874037202684
time_shifted,2026091909,0.6,False,67.8,0,0.8910420159351563,0.18259428293140698,0.9020569927145808
time_shifted,2026091910,0.6,False,67.76,0,0.8941425812837397,0.23013200011372897,0.9092168142903299
time_shifted,2026091911,0.6,False,67.78,0,0.8906968944854285,0.18735166261852113,0.9064518452268145
time_shifted,2026091912,0.6,False,67.82000000000001,0,0.8923498745342925,0.2294333555581599,0.913157450061967
time_shifted,2026091913,0.6,False,67.8,0,0.890698853439108,0.21210219295759966,0.9069733801678305
time_shifted,2026091914,0.6,False,67.78,0,0.89071673735626,0.21359306341274162,0.9052708065270317
time_shifted,2026091915,0.6,False,67.76,0,0.8926988606565829,0.22948451829974043,0.9031850907303212
time_shifted,2026091916,0.6,False,67.76,0,0.8929244263327907,0.2122517169341362,0.9038407216130743
time_shifted,2026091917,0.6,False,67.74,0,0.890244716112421,0.24235282516245155,0.9068866347279505
time_shifted,2026091918,0.6,False,67.78,0,0.8907982325644008,0.24179549510132192,0.9074275107818
time_shifted,2026091919,0.6,False,67.76,0,0.8906424294202457,0.2311642960379454,0.9017293834753678
time_shifted,2026091920,0.6,False,67.76,0,0.8937827177646691,0.24113731537041194,0.908799218900152
time_shifted,2026091921,0.6,False,67.82000000000001,0,0.8888325111469869,0.239480456767537,0.9095544079833061
time_shifted,2026091922,0.6,False,67.86,0,0.889822963349156,0.2336048863040049,0.9072475106367718
time_shifted,2026091923,0.6,False,67.76,0,0.8931808731604863,0.1958177166965857,0.9093624607278628
time_shifted,2026091924,0.6,False,67.8,0,0.8931762433467894,0.19981749962539683,0.9155141310513768
time_shifted,2026091925,0.6,False,67.8,0,0.8892895358754617,0.23574778897907755,0.9080376747163931
time_shifted,2026091926,0.6,False,67.78,0,0.8931634538062473,0.2381496576630392,0.915595495885359
time_shifted,2026091927,0.6,False,67.78,0,0.8901798521991723,0.1968013519738319,0.9115603152042637
time_shifted,2026091928,0.6,False,67.76,0,0.893291460433888,0.23151456071797993,0.9096665092624538
time_shifted,2026091929,0.6,False,67.78,0,0.8893727368412472,0.2121368603065519,0.9108296349823827
time_shifted,2026091930,0.6,False,67.8,0,0.8896894866349933,0.18453762155233144,0.9053113500281482
time_shifted,2026091931,0.6,False,67.82000000000001,0,0.8926272021460228,0.18362904267082822,0.9065015010729794
reinjected,2026091900,0.6,True,,0,0.9982647161237659,0.9991519782889944,0.9995168468130234
reinjected,2026091901,0.6,True,,0,1.0002451223617987,0.999547185340828,0.9960828543995034
reinjected,2026091902,0.6,True,,0,0.9993261391379541,1.0002193301128883,0.9969124057860986
reinjected,2026091903,0.6,True,,0,0.9994041085894257,0.9995950088343551,0.9947974618804908
reinjected,2026091904,0.6,True,,0,0.9986440036644207,0.9995213828213666,1.000682335602631
reinjected,2026091905,0.6,True,,0,0.9984393200198036,0.9992865482230489,0.9945426400947519
reinjected,2026091906,0.6,True,,0,0.9998811890985403,0.9998638906027942,0.9970982788875614
reinjected,2026091907,0.6,True,,0,0.9992853447607803,0.9999100093710859,0.9969519760025974
reinjected,2026091908,0.6,True,,0,0.9999470685943364,0.9995123566551215,1.0000755038533085
reinjected,2026091909,0.6,True,,0,0.9985426361981222,0.999470160810818,0.9968164549007495
reinjected,2026091910,0.6,True,,0,1.000391405070181,1.000226794974288,0.9964302539931487
reinjected,2026091911,0.6,True,,0,0.999234397011604,0.9989460229430112,0.9971971662830862
reinjected,2026091912,0.6,True,,0,1.0005652247156342,1.0001809009510865,0.9979859057015759
reinjected,2026091913,0.6,True,,0,0.9986739262832153,0.9994368187767576,0.9991737825401655
reinjected,2026091914,0.6,True,,0,1.0008165050847462,1.0006743717750066,0.9971548509418027
reinjected,2026091915,0.6,True,,0,0.9988985784576951,0.999500292464237,0.9949937190083225
reinjected,2026091916,0.6,True,,0,1.000325565944307,0.999645264159285,0.9945624130962153
reinjected,2026091917,0.6,True,,0,0.9997217565077561,1.0000717885273596,0.9967363129122115
reinjected,2026091918,0.6,True,,0,0.9997705491448629,0.9995531361669149,0.9999007504058076
reinjected,2026091919,0.6,True,,0,1.0003539956671292,0.9999350129647345,0.9941196456767097
reinjected,2026091920,0.6,True,,0,0.9989536439211191,0.9996258078734156,0.9962256404400537
reinjected,2026091921,0.6,True,,0,1.0002248162069522,0.9997961304729641,0.9989509768198996
reinjected,2026091922,0.6,True,,0,0.9986045290459546,0.9993932194866739,0.9965772826329725
reinjected,2026091923,0.6,True,,0,0.99946322884485,0.9996996546304864,0.9998339868517714
reinjected,2026091924,0.6,True,,0,1.0002585577980005,0.999690262667543,1.0007704057615714
reinjected,2026091925,0.6,True,,0,1.0003954652493245,1.0003344982061382,1.0003816249612782
reinjected,2026091926,0.6,True,,0,0.9990383693231469,0.9995943115403505,1.0012271220445856
reinjected,2026091927,0.6,True,,0,0.999254077457328,0.9995701709783743,0.9982724698877669
reinjected,2026091928,0.6,True,,0,0.9994149401231058,0.9993392269305044,0.998170655687682
reinjected,2026091929,0.6,True,,0,0.998473406217135,0.999217141596021,0.9976025075818318
reinjected,2026091930,0.6,True,,0,0.9993052347450675,1.0000355755202572,0.9913638326550269
reinjected,2026091931,0.6,True,,0,1.0000333822424419,0.9993049310258104,0.9953901527941139
nonliving,2026091900,0.6,False,53.38,0,0.1840636628592199,0.249009796713806,0.20991816852721534
nonliving,2026091901,0.6,False,53.36,0,0.18330338603390636,0.24603766152496198,0.211450744761439
nonliving,2026091902,0.6,False,53.26,0,0.1885920132312878,0.24698999428925683,0.21042706893535004
nonliving,2026091903,0.6,False,53.36,0,0.18356696617420795,0.249711809316299,0.21077095500891743
nonliving,2026091904,0.6,False,53.620000000000005,0,0.18289422160764618,0.24064375194849058,0.21033011808747923
nonliving,2026091905,0.6,False,53.14,0,0.18846850983748686,0.25073400656483524,0.2119199119019583
nonliving,2026091906,0.6,False,53.160000000000004,0,0.1860237260854193,0.2508878429147252,0.21131240356058004
nonliving,2026091907,0.6,False,53.26,0,0.183625287319122,0.25107749747622754,0.21089195941387257
nonliving,2026091908,0.6,False,52.94,0,0.1897038103063357,0.2620379861412138,0.21266379080887993
nonliving,2026091909,0.6,False,53.28,0,0.18723446930235965,0.25210290987748973,0.21037978878927927
nonliving,2026091910,0.6,False,53.120000000000005,0,0.18604704116218979,0.25446460126220066,0.21236087119699296
nonliving,2026091911,0.6,False,53.26,0,0.18443720974856226,0.24794974567712433,0.21143040384486092
nonliving,2026091912,0.6,False,53.4,0,0.1868496722394144,0.2504288633335213,0.21056855083960893
nonliving,2026091913,0.6,False,53.160000000000004,0,0.18626265784730922,0.25378678794407916,0.2122399417472794
nonliving,2026091914,0.6,False,53.08,0,0.1858039684107973,0.2530397491423246,0.21217191737468188
nonliving,2026091915,0.6,False,53.26,0,0.18979123075761967,0.25273153088182565,0.2122269175244868
nonliving,2026091916,0.6,False,53.36,0,0.18407256905475067,0.247308811793067,0.20988169495861375
nonliving,2026091917,0.6,False,53.36,0,0.18261027837281574,0.24423499059043707,0.21041080002353582
nonliving,2026091918,0.6,False,53.120000000000005,0,0.18517207688110263,0.253094628466643,0.21121626601698168
nonliving,2026091919,0.6,False,53.120000000000005,0,0.1797401058280004,0.2515221948343176,0.21176434433910607
nonliving,2026091920,0.6,False,53.2,0,0.1908662194937385,0.255735760499678,0.21114759292385019
nonliving,2026091921,0.6,False,53.24,0,0.18386388733583744,0.25068453114063377,0.21039241256167956
nonliving,2026091922,0.6,False,53.1,0,0.19019625124773504,0.25847215831601306,0.21180006427837567
nonliving,2026091923,0.6,False,53.18,0,0.1860530248325308,0.25396068690611595,0.21132303479907308
nonliving,2026091924,0.6,False,53.06,0,0.19082629503852166,0.2587033434966881,0.21256068821541946
nonliving,2026091925,0.6,False,53.160000000000004,0,0.18690315341702693,0.2567827726281113,0.21202659734038012
nonliving,2026091926,0.6,False,53.18,0,0.1889074020534676,0.25117583701039076,0.21188459091284131
nonliving,2026091927,0.6,False,53.2,0,0.18865608003517423,0.24774337385913495,0.21123215525757857
nonliving,2026091928,0.6,False,53.5,0,0.184377517628461,0.24620705233780096,0.2107770606042378
nonliving,2026091929,0.6,False,53.24,0,0.18477687604158866,0.2510872970491658,0.21149456414552667
nonliving,2026091930,0.6,False,53.38,0,0.18601128767533393,0.2489696775509254,0.21089297998457454
nonliving,2026091931,0.6,False,53.1,0,0.19041753539953535,0.2566364637597508,0.2112442000074982
native_severe,2026091900,1.2,False,78.78,0,0.1423148467989654,0.11015107003820274,0.14036321035516014
native_severe,2026091901,1.2,False,79.34,0,0.13710791000375064,0.10823729861934203,0.14568067771988671
native_severe,2026091902,1.2,False,78.58,0,0.1446095714950774,0.11142015037295115,0.13968468352076147
native_severe,2026091903,1.2,False,78.4,0,0.14056275673802052,0.10849001729089217,0.14801318046124748
native_severe,2026091904,1.2,False,80.78,0,0.13620669348152906,0.1070890465010067,0.13677795672342227
native_severe,2026091905,1.2,False,77.98,0,0.14073270657340833,0.1080993704042261,0.13654951842687887
native_severe,2026091906,1.2,False,78.3,0,0.14485221794352082,0.10976138751077857,0.1424244803809873
native_severe,2026091907,1.2,False,80.42,0,0.1336346686208556,0.10657750124302287,0.1330298915832024
native_severe,2026091908,1.2,False,79.26,0,0.1379093962322692,0.10535891126978965,0.13752251444668387
native_severe,2026091909,1.2,False,78.8,0,0.1449398686986885,0.10739521598507924,0.13892059976399904
native_severe,2026091910,1.2,False,79.02,0,0.14008447473122068,0.109706271256628,0.13724847587326064
native_severe,2026091911,1.2,False,78.88,0,0.14091652508109873,0.1078966319362613,0.1424734278689659
native_severe,2026091912,1.2,False,79.58,0,0.13656326656868759,0.10779304883637347,0.139892125980473
native_severe,2026091913,1.2,False,80.34,0,0.13462706199900837,0.10626456048627193,0.13344884576083052
native_severe,2026091914,1.2,False,78.26,0,0.1453946917964671,0.10843278782441339,0.14430072783611178
native_severe,2026091915,1.2,False,81.54,0,0.1313669369546236,0.10267589135133123,0.13818727915489712
native_severe,2026091916,1.2,False,80.52,0,0.13409969814431083,0.10738692966121452,0.13589284197232268
native_severe,2026091917,1.2,False,78.52,0,0.13933449540896442,0.1081492020633987,0.14212101110997924
native_severe,2026091918,1.2,False,78.02,0,0.14224413974532554,0.10614877167238566,0.14426273725683625
native_severe,2026091919,1.2,False,78.5,0,0.14132064524365032,0.10895034880661732,0.1402621146340487
native_severe,2026091920,1.2,False,80.42,0,0.13290162646402368,0.10584835295196304,0.13650031874260457
native_severe,2026091921,1.2,False,80.32000000000001,0,0.13220238097226228,0.10629053775012656,0.13659502984433866
native_severe,2026091922,1.2,False,79.92,0,0.13388064023285318,0.10624895830828847,0.14244187652701287
native_severe,2026091923,1.2,False,78.5,0,0.14586965409584224,0.10853354908769436,0.14138015439941704
native_severe,2026091924,1.2,False,78.84,0,0.13884991129925617,0.10739789499136825,0.1372828374636201
native_severe,2026091925,1.2,False,78.48,0,0.1393336699789647,0.10756787353997321,0.14513068070892993
native_severe,2026091926,1.2,False,80.88,0,0.13200937873567659,0.10463123786325797,0.13141335300498566
native_severe,2026091927,1.2,False,79.8,0,0.1368138384725048,0.10776325588211881,0.13164808985655302
native_severe,2026091928,1.2,False,82.46000000000001,0,0.1257878934950277,0.10227092737891816,0.12792370542663092
native_severe,2026091929,1.2,False,78.8,0,0.14087281637409432,0.10760334404131096,0.14674041969897395
native_severe,2026091930,1.2,False,80.10000000000001,0,0.13627814518360992,0.1071149352885091,0.14180626819935913
native_severe,2026091931,1.2,False,80.3,0,0.13190761225644218,0.10563145901555801,0.13770019032168068
native_undamaged,2026091900,0.0,True,,1,0.9988001810846578,0.9996108081716473,1.000386429932047
native_undamaged,2026091901,0.0,True,,1,1.000498121333769,0.9999417119798365,0.9972571652457269
native_undamaged,2026091902,0.0,True,,1,0.9996272770475411,1.0003091365290468,0.9973568625077007
native_undamaged,2026091903,0.0,True,,1,0.9998523205594674,0.9999337352489102,0.9957382006051066
native_undamaged,2026091904,0.0,True,,1,0.9989377903534723,0.9996589634626509,1.0008283332192043
native_undamaged,2026091905,0.0,True,,1,0.9988875629014693,0.9995507070304719,0.9960318143337412
native_undamaged,2026091906,0.0,True,,1,1.0000878024464828,1.0000237934316663,0.9982391317091626
native_undamaged,2026091907,0.0,True,,1,0.9996012100892319,1.0000176307611326,0.9976895359658136
native_undamaged,2026091908,0.0,True,,1,1.000410773010843,0.9999139915539242,1.0008015076435393
native_undamaged,2026091909,0.0,True,,1,0.9989875116340544,0.9997946111526227,0.9987118568401966
native_undamaged,2026091910,0.0,True,,1,1.000694302027825,1.000364390605277,0.9985635060678085
native_undamaged,2026091911,0.0,True,,1,0.9996320311295804,0.9992872465539582,0.9983952574783029
native_undamaged,2026091912,0.0,True,,1,1.0009335484863724,1.000489282724726,0.9991707022856148
native_undamaged,2026091913,0.0,True,,1,0.9989309544169303,0.99959205542779,0.9995937545091935
native_undamaged,2026091914,0.0,True,,1,1.0010980169527175,1.0009657805118195,0.9980685680298091
native_undamaged,2026091915,0.0,True,,1,0.9991504003381431,0.9996817026283693,0.995809821736494
native_undamaged,2026091916,0.0,True,,1,1.0008248746248507,0.9998496159578701,0.9951284939942184
native_undamaged,2026091917,0.0,True,,1,1.0000064440672414,1.0002505588294055,0.9970780981861102
native_undamaged,2026091918,0.0,True,,1,1.000107410242656,0.9997419165786454,1.0005217068816061
native_undamaged,2026091919,0.0,True,,1,1.000659528814651,1.0001705899713944,0.9950805772022582
native_undamaged,2026091920,0.0,True,,1,0.9991986110715608,0.9997510010088555,0.9967850795517393
native_undamaged,2026091921,0.0,True,,1,1.0006277941857376,1.0000576884587917,0.9994095977591169
native_undamaged,2026091922,0.0,True,,1,0.9991040111544194,0.9994936431991223,0.9977666635570268
native_undamaged,2026091923,0.0,True,,1,0.9997488077298502,0.9997864054374015,1.0001820411066518
native_undamaged,2026091924,0.0,True,,1,1.000437281881165,0.9999483567466986,1.0022281120099201
native_undamaged,2026091925,0.0,True,,1,1.0004902367870805,1.0004168753990914,1.00150804907053
native_undamaged,2026091926,0.0,True,,1,0.9991583099756638,0.9996868263668127,1.0021637113277069
native_undamaged,2026091927,0.0,True,,1,0.9994152703923646,0.9997270851798006,0.9987254870948681
native_undamaged,2026091928,0.0,True,,1,0.9996017052221783,0.9996106063126053,0.9986985235105016
native_undamaged,2026091929,0.0,True,,1,0.9987170630489806,0.9994707347718064,0.9988079500601056
native_undamaged,2026091930,0.0,True,,1,0.9996495389135206,1.0003323964643887,0.9926490850556576
native_undamaged,2026091931,0.0,True,,1,1.0001576453798433,0.999481961605263,0.996929880681338
