pair_index,family,H1_seed_passes,H1_pass,H2_seed_passes,H2_pass,H3_seed_passes,H3_pass,H4_seed_passes,H4_pass,role_recurrent_seed_passes,role_recurrent_pass
128,0,12,True,12,True,12,True,12,True,12,True
129,0,12,True,12,True,12,True,12,True,12,True
130,0,12,True,12,True,12,True,12,True,12,True
131,0,12,True,12,True,12,True,12,True,12,True
132,0,12,True,12,True,12,True,12,True,12,True
133,0,12,True,12,True,12,True,12,True,12,True
134,0,12,True,12,True,12,True,12,True,12,True
135,0,12,True,12,True,12,True,12,True,12,True
136,0,12,True,12,True,12,True,12,True,12,True
137,0,12,True,12,True,12,True,12,True,12,True
138,0,12,True,12,True,12,True,12,True,12,True
139,0,12,True,12,True,12,True,12,True,12,True
140,0,12,True,12,True,12,True,12,True,12,True
141,0,12,True,12,True,12,True,12,True,12,True
142,0,12,True,12,True,12,True,12,True,12,True
143,0,12,True,12,True,12,True,12,True,12,True
144,0,12,True,12,True,12,True,12,True,12,True
145,0,12,True,12,True,12,True,12,True,12,True
146,0,12,True,12,True,12,True,12,True,12,True
147,0,12,True,12,True,12,True,12,True,12,True
148,0,12,True,12,True,12,True,12,True,12,True
149,0,12,True,12,True,12,True,12,True,12,True
150,0,12,True,12,True,12,True,12,True,12,True
151,0,12,True,12,True,12,True,12,True,12,True
152,0,12,True,12,True,12,True,12,True,12,True
153,0,12,True,12,True,12,True,12,True,12,True
154,0,12,True,12,True,12,True,12,True,12,True
155,0,12,True,12,True,12,True,12,True,12,True
156,0,12,True,12,True,12,True,12,True,12,True
157,0,12,True,12,True,12,True,12,True,12,True
158,0,12,True,12,True,12,True,12,True,12,True
159,0,12,True,12,True,12,True,12,True,12,True
160,0,12,True,12,True,12,True,12,True,12,True
161,0,12,True,12,True,12,True,12,True,12,True
162,0,12,True,12,True,12,True,12,True,12,True
163,0,12,True,12,True,12,True,12,True,12,True
164,0,12,True,12,True,12,True,12,True,12,True
165,0,12,True,12,True,12,True,12,True,12,True
166,0,12,True,12,True,12,True,12,True,12,True
167,0,12,True,12,True,12,True,12,True,12,True
168,0,12,True,12,True,12,True,12,True,12,True
169,0,12,True,12,True,12,True,12,True,12,True
170,0,12,True,12,True,12,True,12,True,12,True
171,0,12,True,12,True,12,True,12,True,12,True
172,0,12,True,12,True,12,True,12,True,12,True
173,0,12,True,12,True,12,True,12,True,12,True
174,0,12,True,12,True,12,True,12,True,12,True
175,0,12,True,12,True,12,True,12,True,12,True
176,0,12,True,12,True,12,True,12,True,12,True
177,0,12,True,12,True,12,True,12,True,12,True
178,0,12,True,12,True,12,True,12,True,12,True
179,0,12,True,12,True,12,True,12,True,12,True
180,0,12,True,12,True,12,True,12,True,12,True
181,0,12,True,12,True,12,True,12,True,12,True
182,0,12,True,12,True,12,True,12,True,12,True
183,0,12,True,12,True,12,True,12,True,12,True
184,0,12,True,12,True,12,True,12,True,12,True
185,0,12,True,12,True,12,True,12,True,12,True
186,0,12,True,12,True,12,True,12,True,12,True
187,0,12,True,12,True,12,True,12,True,12,True
188,0,12,True,12,True,12,True,12,True,12,True
189,0,12,True,12,True,12,True,12,True,12,True
190,0,12,True,12,True,12,True,12,True,12,True
191,0,12,True,12,True,12,True,12,True,12,True
192,1,12,True,12,True,12,True,12,True,12,True
193,1,12,True,12,True,12,True,12,True,12,True
194,1,12,True,12,True,12,True,12,True,12,True
195,1,12,True,12,True,12,True,12,True,12,True
196,1,12,True,12,True,12,True,12,True,12,True
197,1,12,True,12,True,12,True,12,True,12,True
198,1,12,True,12,True,12,True,12,True,12,True
199,1,12,True,12,True,12,True,12,True,12,True
200,1,12,True,12,True,12,True,12,True,12,True
201,1,12,True,12,True,12,True,12,True,12,True
202,1,12,True,12,True,12,True,12,True,12,True
203,1,12,True,12,True,12,True,12,True,12,True
204,1,12,True,12,True,12,True,12,True,12,True
205,1,12,True,12,True,12,True,12,True,12,True
206,1,12,True,12,True,12,True,12,True,12,True
207,1,12,True,12,True,12,True,12,True,12,True
208,1,12,True,12,True,12,True,12,True,12,True
209,1,12,True,12,True,12,True,12,True,12,True
210,1,12,True,12,True,12,True,12,True,12,True
211,1,12,True,12,True,12,True,12,True,12,True
212,1,12,True,12,True,12,True,12,True,12,True
213,1,12,True,12,True,12,True,12,True,12,True
214,1,12,True,12,True,12,True,12,True,12,True
215,1,12,True,12,True,12,True,12,True,12,True
216,1,12,True,12,True,12,True,12,True,12,True
217,1,12,True,12,True,12,True,12,True,12,True
218,1,12,True,12,True,12,True,12,True,12,True
219,1,12,True,12,True,12,True,12,True,12,True
220,1,12,True,12,True,12,True,12,True,12,True
221,1,12,True,12,True,12,True,12,True,12,True
222,1,12,True,12,True,12,True,12,True,12,True
223,1,12,True,12,True,12,True,12,True,12,True
224,1,12,True,12,True,12,True,12,True,12,True
225,1,12,True,12,True,12,True,12,True,12,True
226,1,12,True,12,True,12,True,12,True,12,True
227,1,12,True,12,True,12,True,12,True,12,True
228,1,12,True,12,True,12,True,12,True,12,True
229,1,12,True,12,True,12,True,12,True,12,True
230,1,12,True,12,True,12,True,12,True,12,True
231,1,12,True,12,True,12,True,12,True,12,True
232,1,12,True,12,True,12,True,12,True,12,True
233,1,12,True,12,True,12,True,12,True,12,True
234,1,12,True,12,True,12,True,12,True,12,True
235,1,12,True,12,True,12,True,12,True,12,True
236,1,12,True,12,True,12,True,12,True,12,True
237,1,12,True,12,True,12,True,12,True,12,True
238,1,12,True,12,True,12,True,12,True,12,True
239,1,12,True,12,True,12,True,12,True,12,True
240,1,12,True,12,True,12,True,12,True,12,True
241,1,12,True,12,True,12,True,12,True,12,True
242,1,12,True,12,True,12,True,12,True,12,True
243,1,12,True,12,True,12,True,12,True,12,True
244,1,12,True,12,True,12,True,12,True,12,True
245,1,12,True,12,True,12,True,12,True,12,True
246,1,12,True,12,True,12,True,12,True,12,True
247,1,12,True,12,True,12,True,12,True,12,True
248,1,12,True,12,True,12,True,12,True,12,True
249,1,12,True,12,True,12,True,12,True,12,True
250,1,12,True,12,True,12,True,12,True,12,True
251,1,12,True,12,True,12,True,12,True,12,True
252,1,12,True,12,True,12,True,12,True,12,True
253,1,12,True,12,True,12,True,12,True,12,True
254,1,12,True,12,True,12,True,12,True,12,True
255,1,12,True,12,True,12,True,12,True,12,True
