training_seed,architecture,task_competent,heldout_both_correct,component_norm,normal_cross_entropy,normal_both_correct,delete_cross_entropy_increase,random_delete_cross_entropy_increase_median,delete_selectivity,delete_empirical_percentile,delete_empirical_p,bilateral_response_minimum
1000,independent,False,0.128173828125,0.0,1.0988321396093892,0.128173828125,0.0,0.0,0.0,0.0,1.0,0.0
1000,distributed,True,1.0,0.2890479167803127,6.173001221886966e-07,1.0,0.8496652390128334,0.08582364514519972,0.7638415938676337,1.0,0.015384615384615385,0.99951171875
1000,central_shared,True,1.0,0.2860310864390616,6.10971665314768e-06,1.0,0.407248045893613,0.08456889864234152,0.3226791472512715,1.0,0.015384615384615385,0.996826171875
1000,directional_relay,True,1.0,0.2458302368661174,5.3472549489643124e-05,1.0,1.4005152013133508,0.03741776647085515,1.3630974348424956,1.0,0.015384615384615385,1.0
1000,four_channel_crossbar,True,1.0,0.28339931489608056,4.6931757555067445e-08,1.0,0.34014704170053667,0.128235703518485,0.21191133818205166,1.0,0.015384615384615385,0.970703125
1001,independent,False,0.112060546875,0.0,1.0986841256768953,0.112060546875,0.0,0.0,0.0,0.0,1.0,0.0
1001,distributed,True,1.0,0.333579440387169,8.885643775535449e-07,1.0,0.902533982979329,0.18763149741114904,0.7149024855681799,1.0,0.015384615384615385,0.99951171875
1001,central_shared,True,1.0,0.37437999626521584,1.322408599428081e-06,1.0,3.988301896780552,0.3743770264763773,3.6139248703041744,1.0,0.015384615384615385,0.981689453125
1001,directional_relay,True,1.0,0.28606816064467555,4.4440418962545e-06,1.0,3.001960754991903,0.1710502706515099,2.8309104843403934,1.0,0.015384615384615385,0.99951171875
1001,four_channel_crossbar,True,1.0,0.3760742683925136,6.098950561854344e-06,1.0,1.4410296084136616,0.2767904739979704,1.1642391344156913,1.0,0.015384615384615385,1.0
1002,independent,False,0.110107421875,0.0,1.0988585237946507,0.110107421875,0.0,0.0,0.0,0.0,1.0,0.0
1002,distributed,True,1.0,0.3668295747607815,4.6239176666213684e-05,1.0,0.666008057907921,0.21549083859838697,0.450517219309534,1.0,0.015384615384615385,0.99755859375
1002,central_shared,True,1.0,0.4124494298146065,3.487588706649059e-06,1.0,2.5350894029604945,0.7672567162645421,1.7678326866959524,1.0,0.015384615384615385,1.0
1002,directional_relay,True,1.0,0.30272359787271486,7.1893173577629955e-06,1.0,1.6733838606224085,0.22812832514600395,1.4452555354764045,1.0,0.015384615384615385,0.999755859375
1002,four_channel_crossbar,True,1.0,0.38040261935251474,3.9098408013269085e-06,1.0,2.1913875994416783,0.4495702119006697,1.7418173875410086,1.0,0.015384615384615385,0.99951171875
1003,independent,False,0.11572265625,0.0,1.098760565795848,0.11572265625,0.0,0.0,0.0,0.0,1.0,0.0
1003,distributed,True,1.0,0.4328679997679522,9.600829650426843e-06,1.0,1.023735250523234,0.35350974543255886,0.6702255050906751,1.0,0.015384615384615385,1.0
1003,central_shared,True,1.0,0.31066381569207635,6.76673852061726e-06,1.0,0.6886665988995747,0.14408684158283763,0.544579757316737,1.0,0.015384615384615385,0.999755859375
1003,directional_relay,True,1.0,0.3219760781436093,7.433375968974934e-07,1.0,0.2543688142252878,0.27953273535161105,-0.025163921126323263,0.03125,0.9692307692307692,0.989990234375
1003,four_channel_crossbar,True,1.0,0.29648721253433596,4.04288151479537e-07,1.0,1.7154961949591274,0.1681376158184982,1.5473585791406292,1.0,0.015384615384615385,0.9736328125
1004,independent,False,0.112060546875,0.0,1.0986174306913938,0.112060546875,0.0,0.0,0.0,0.0,1.0,0.0
1004,distributed,True,1.0,0.329376922038185,1.6656659136019702e-05,1.0,1.1542808369106758,0.20341822476024662,0.9508626121504292,1.0,0.015384615384615385,0.99755859375
1004,central_shared,True,1.0,0.4704569795763956,7.482945852194311e-06,1.0,3.65973359271194,0.4533627836747218,3.2063708090372183,1.0,0.015384615384615385,0.97998046875
1004,directional_relay,True,1.0,0.3370239692105225,3.435077797236694e-07,1.0,0.8343181060640504,0.17715073040340298,0.6571673756606474,1.0,0.015384615384615385,0.9990234375
1004,four_channel_crossbar,True,1.0,0.4016354676733855,6.704670549547423e-07,1.0,1.9194244487191148,0.2937883977966307,1.625636050922484,1.0,0.015384615384615385,0.996826171875
1005,independent,False,0.106201171875,0.0,1.098613822565748,0.106201171875,0.0,0.0,0.0,0.0,1.0,0.0
1005,distributed,True,1.0,0.2891607963942355,1.5460444472117305e-05,1.0,1.0833682236392161,0.19350311705850085,0.8898651065807153,1.0,0.015384615384615385,0.999755859375
1005,central_shared,True,1.0,0.3657905034872647,5.907261054485411e-07,1.0,3.1257921433371894,0.352574052346028,2.7732180909911612,1.0,0.015384615384615385,0.97900390625
1005,directional_relay,True,1.0,0.28647821963225467,3.5578664965400367e-07,1.0,0.0035144962693986646,0.04335000253743647,-0.03983550626803781,0.0,1.0,0.99609375
1005,four_channel_crossbar,True,1.0,0.2102224496396738,3.946586923241014e-07,1.0,0.0022506327120080283,0.10773637092817437,-0.10548573821616634,0.0,1.0,0.98681640625
1006,independent,False,0.112060546875,0.0,1.098646472132366,0.112060546875,0.0,0.0,0.0,0.0,1.0,0.0
1006,distributed,True,1.0,0.3088607496625563,1.1066454101026435e-05,1.0,0.8310212572746731,0.16736365674150508,0.663657600533168,1.0,0.015384615384615385,0.999755859375
1006,central_shared,True,1.0,0.3271314503645061,7.009468035632203e-06,1.0,0.4477029115404393,0.17426755781357894,0.27343535372686034,1.0,0.015384615384615385,0.9560546875
1006,directional_relay,True,1.0,0.3683607554428909,3.0794091839815753e-06,1.0,0.12306294553469341,0.23562312471915076,-0.11256017918445735,0.0,1.0,0.999755859375
1006,four_channel_crossbar,True,1.0,0.32608903124377875,2.739816452604582e-05,1.0,1.1582575165454656,0.22406384766839227,0.9341936688770733,1.0,0.015384615384615385,0.99951171875
1007,independent,False,0.110107421875,0.0,1.0987150765613056,0.110107421875,0.0,0.0,0.0,0.0,1.0,0.0
1007,distributed,True,1.0,0.26294547356536274,2.360223116766559e-06,1.0,0.15746740622956465,0.021391910238660907,0.13607549599090374,1.0,0.015384615384615385,0.999755859375
1007,central_shared,True,1.0,0.3011416549008217,1.0396777359546557e-06,1.0,0.9165372647628298,0.14787171768621143,0.7686655470766184,1.0,0.015384615384615385,1.0
1007,directional_relay,True,1.0,0.28353435993622833,8.753218586484191e-07,1.0,0.9357129541187567,0.21489194952906168,0.720821004589695,1.0,0.015384615384615385,0.996337890625
1007,four_channel_crossbar,True,1.0,0.3163662528055223,3.380688006500184e-07,1.0,0.6715231163976083,0.14435206242651086,0.5271710539710974,1.0,0.015384615384615385,0.999755859375
1008,independent,False,0.112060546875,0.0,1.0989388193261016,0.112060546875,0.0,0.0,0.0,0.0,1.0,0.0
1008,distributed,True,1.0,0.38530431006979643,1.2872332180929381e-05,1.0,1.8923465493049785,0.5012233555294285,1.39112319377555,1.0,0.015384615384615385,1.0
1008,central_shared,True,1.0,0.45984237592941424,1.9158099890582624e-06,1.0,2.9054377273869223,0.5247026210507897,2.3807351063361324,1.0,0.015384615384615385,0.993896484375
1008,directional_relay,True,1.0,0.2616461827039579,3.4629740702313346e-07,1.0,0.15323656927865048,0.2609695044588607,-0.10773293518021021,0.0,1.0,0.982421875
1008,four_channel_crossbar,True,1.0,0.34269647689594607,1.5485864409398502e-06,1.0,2.1599873796193605,0.17560082629832496,1.9843865533210354,1.0,0.015384615384615385,0.930908203125
1009,independent,False,0.11376953125,0.0,1.0988484090160622,0.11376953125,0.0,0.0,0.0,0.0,1.0,0.0
1009,distributed,True,1.0,0.2849498050802325,6.409821888838641e-07,1.0,1.0129466404360867,0.24916148007375444,0.7637851603623322,1.0,0.015384615384615385,0.9990234375
1009,central_shared,True,1.0,0.4271256967354213,6.454714028086211e-07,1.0,3.980825011797464,0.5052568126203983,3.475568199177066,1.0,0.015384615384615385,0.9970703125
1009,directional_relay,True,1.0,0.242864849979846,5.255538374687026e-06,1.0,0.2616120039718126,0.0543425851790449,0.20726941879276772,1.0,0.015384615384615385,0.99853515625
1009,four_channel_crossbar,True,1.0,0.44459101440240956,2.8789519938324607e-06,1.0,2.722877606557487,0.23028954255863368,2.4925880639988534,1.0,0.015384615384615385,1.0
1010,independent,False,0.112548828125,0.0,1.0988549264424947,0.112548828125,0.0,0.0,0.0,0.0,1.0,0.0
1010,distributed,True,1.0,0.2383187378175764,2.8685497761797165e-06,1.0,0.6220040112487898,0.07580891346663504,0.5461950977821548,1.0,0.015384615384615385,0.998291015625
1010,central_shared,True,1.0,0.4746126566725657,1.3683768418974884e-06,1.0,3.333760828835313,0.43781850525811083,2.895942323577202,1.0,0.015384615384615385,0.999755859375
1010,directional_relay,True,1.0,0.34958272642391125,1.7599973006490615e-06,1.0,0.9246673121707277,0.2034212195003382,0.7212460926703895,1.0,0.015384615384615385,0.9990234375
1010,four_channel_crossbar,True,1.0,0.22179558348585773,3.887771142067036e-06,1.0,0.34786146934670475,0.15727873033243678,0.19058273901426798,1.0,0.015384615384615385,0.998046875
1011,independent,False,0.113037109375,0.0,1.1000422302726836,0.113037109375,0.0,0.0,0.0,0.0,1.0,0.0
1011,distributed,True,1.0,0.37724887783674566,1.9994253686149866e-06,1.0,0.35418908719086545,0.2779022912018959,0.07628679598896954,1.0,0.015384615384615385,1.0
1011,central_shared,True,1.0,0.4660840285529735,6.241352924128553e-07,1.0,2.08582177541476,0.4055699638235952,1.6802518115911649,1.0,0.015384615384615385,0.9970703125
1011,directional_relay,True,1.0,0.25120154816007506,4.540267614699915e-07,1.0,0.535016580377484,0.03562885232342144,0.49938772805406256,1.0,0.015384615384615385,0.993408203125
1011,four_channel_crossbar,True,1.0,0.3678846945827122,3.1813532886208507e-06,1.0,0.522313891999983,0.1810940054516257,0.34121988654835733,1.0,0.015384615384615385,0.999755859375
1012,independent,False,0.112548828125,0.0,1.0985984548549732,0.112548828125,0.0,0.0,0.0,0.0,1.0,0.0
1012,distributed,True,1.0,0.34032648811954463,2.1373848804488684e-06,1.0,0.5631855885868582,0.13738952458112444,0.4257960640057338,1.0,0.015384615384615385,0.999755859375
1012,central_shared,True,0.999755859375,0.17731672422373418,2.115881947627398e-06,1.0,0.0051762355990465515,0.010677748380468217,-0.005501512781421665,0.0,1.0,0.97265625
1012,directional_relay,True,1.0,0.3560583031148251,1.0054665460944793e-05,1.0,1.2490895474031747,0.1652393158276244,1.0838502315755503,1.0,0.015384615384615385,1.0
1012,four_channel_crossbar,True,1.0,0.33934224981844396,1.9956316865473056e-05,1.0,2.6076262376668757,0.35244612266432285,2.255180115002553,1.0,0.015384615384615385,0.982177734375
1013,independent,False,0.112060546875,0.0,1.0988384198251189,0.112060546875,0.0,0.0,0.0,0.0,1.0,0.0
1013,distributed,True,1.0,0.34154211391485445,2.2097747325056837e-05,1.0,1.2569174799041116,0.2265581749197619,1.0303593049843498,1.0,0.015384615384615385,1.0
1013,central_shared,True,1.0,0.3638131218041416,7.70540042398885e-06,1.0,0.6860613333712462,0.2535379192337668,0.4325234141374794,1.0,0.015384615384615385,0.999755859375
1013,directional_relay,True,1.0,0.3705342617139807,1.2225809188780776e-07,1.0,2.4070998145556324,0.20519460892448965,2.201905205631143,1.0,0.015384615384615385,0.91259765625
1013,four_channel_crossbar,True,1.0,0.3072460595937406,4.440906939738158e-05,1.0,0.10801139886993415,0.18386865276774877,-0.07585725389781463,0.0,1.0,1.0
1014,independent,False,0.104736328125,0.0,1.0988197880460413,0.104736328125,0.0,0.0,0.0,0.0,1.0,0.0
1014,distributed,True,1.0,0.4104105806540047,1.1314115096384162e-05,1.0,2.053432665824648,0.4805607873035329,1.5728718785211149,1.0,0.015384615384615385,1.0
1014,central_shared,True,1.0,0.32918967496515794,2.189337328276254e-06,1.0,0.28587125860033796,0.18907802681998917,0.09679323178034879,1.0,0.015384615384615385,0.998046875
1014,directional_relay,True,1.0,0.3100513585700389,1.0580470249946513e-06,1.0,0.6022508608880496,0.1409230180524077,0.4613278428356419,1.0,0.015384615384615385,0.999755859375
1014,four_channel_crossbar,True,1.0,0.2920268185828583,2.6380986910368254e-06,1.0,0.32910789742042845,0.13834132583452952,0.19076657158589894,1.0,0.015384615384615385,0.99951171875
1015,independent,False,0.113037109375,0.0,1.0986172622462174,0.113037109375,0.0,0.0,0.0,0.0,1.0,0.0
1015,distributed,True,0.999755859375,0.36815540419132214,7.170567143475775e-06,1.0,1.0995828875900664,0.25247056557534825,0.8471123220147181,1.0,0.015384615384615385,1.0
1015,central_shared,True,1.0,0.4360902078937502,6.824937672022741e-06,1.0,2.1537794822332814,0.42447849267085946,1.729300989562422,1.0,0.015384615384615385,1.0
1015,directional_relay,True,1.0,0.3224493536019649,3.4616002503556766e-06,1.0,0.2490012974125439,0.3118254623445322,-0.06282416493198828,0.0,1.0,0.973876953125
1015,four_channel_crossbar,True,1.0,0.4341869862000501,1.1024295764673074e-05,1.0,1.7974246330882528,0.5432604064129282,1.2541642266753246,1.0,0.015384615384615385,0.999755859375
1016,independent,False,0.1064453125,0.0,1.098635983680282,0.1064453125,0.0,0.0,0.0,0.0,1.0,0.0
1016,distributed,True,1.0,0.3579992680518914,4.059344966179266e-06,1.0,0.6041080113032479,0.43234631346765134,0.17176169783559653,1.0,0.015384615384615385,1.0
1016,central_shared,True,1.0,0.28659191736674405,1.0354049371733442e-05,1.0,0.06561501397828465,0.07252511560088283,-0.006910101622598183,0.09375,0.9076923076923077,1.0
1016,directional_relay,True,1.0,0.21637975167070583,1.345231287480937e-06,1.0,0.00027240327141099893,0.02772798165911905,-0.02745557838770805,0.0,1.0,0.978759765625
1016,four_channel_crossbar,True,1.0,0.4050661845215344,8.114694468911579e-08,1.0,2.9841575147559567,0.38745247162058927,2.5967050431353673,1.0,0.015384615384615385,0.927001953125
1017,independent,False,0.1123046875,0.0,1.0986304880921418,0.1123046875,0.0,0.0,0.0,0.0,1.0,0.0
1017,distributed,True,1.0,0.26802267670257207,2.136188157030102e-05,1.0,0.2168535625160301,0.034550544013265114,0.18230301850276498,1.0,0.015384615384615385,1.0
1017,central_shared,True,0.9990234375,0.2850265582123246,0.00013471051430829004,1.0,0.8152173910264088,0.1356328994465444,0.6795844915798643,1.0,0.015384615384615385,0.999267578125
1017,directional_relay,True,1.0,0.2923272465240131,2.917534506410907e-06,1.0,3.1002784813856437,0.08745708289300849,3.012821398492635,1.0,0.015384615384615385,0.998779296875
1017,four_channel_crossbar,True,1.0,0.3700854353804167,1.0242723618030174e-05,1.0,2.6050730382005676,0.23531834369544666,2.369754694505121,1.0,0.015384615384615385,1.0
1018,independent,False,0.110107421875,0.0,1.0986894624763845,0.110107421875,0.0,0.0,0.0,0.0,1.0,0.0
1018,distributed,True,0.999755859375,0.4160716914198511,0.00014321653311898547,1.0,1.229220474632474,0.47112438471305446,0.7580960899194196,1.0,0.015384615384615385,0.999755859375
1018,central_shared,True,0.999755859375,0.3006312022734869,8.000984298311418e-05,1.0,0.7255969195553694,0.22690266638709364,0.49869425316827576,1.0,0.015384615384615385,1.0
1018,directional_relay,True,1.0,0.5128766912586376,3.0279151544637586e-06,1.0,2.1456900325931865,0.3286546565175735,1.817035376075613,1.0,0.015384615384615385,0.999755859375
1018,four_channel_crossbar,True,1.0,0.42373718302158525,1.7796663027397725e-05,1.0,4.34169937635187,0.49899752047301454,3.8427018558788553,1.0,0.015384615384615385,0.999755859375
1019,independent,False,0.11474609375,0.0,1.098733703818859,0.11474609375,0.0,0.0,0.0,0.0,1.0,0.0
1019,distributed,True,1.0,0.3048255806163148,9.49990146310797e-06,1.0,0.31193805134297375,0.16843680714762704,0.1435012441953467,1.0,0.015384615384615385,1.0
1019,central_shared,True,0.999755859375,0.27909079978985035,1.3311629042657784e-05,1.0,0.3907711593259881,0.23322038861323013,0.15755077071275797,1.0,0.015384615384615385,0.992431640625
1019,directional_relay,True,1.0,0.3912999728406259,2.6418029997271198e-05,1.0,2.430868290638058,0.37577569532753385,2.055092595310524,1.0,0.015384615384615385,0.992431640625
1019,four_channel_crossbar,True,1.0,0.37661064626056295,3.17364880219886e-07,1.0,0.09685132431172797,0.4700492723469239,-0.3731979480351959,0.0,1.0,0.987060546875
1020,independent,False,0.11474609375,0.0,1.098695386155154,0.11474609375,0.0,0.0,0.0,0.0,1.0,0.0
1020,distributed,True,1.0,0.2511489615453094,6.66191466756836e-06,1.0,0.3005963576831747,0.053327959225091245,0.24726839845808346,1.0,0.015384615384615385,1.0
1020,central_shared,True,1.0,0.37208156513090607,1.3922964295336041e-06,1.0,1.59551404942992,0.14865031069846563,1.4468637387314545,1.0,0.015384615384615385,0.9931640625
1020,directional_relay,True,1.0,0.3714975828984781,9.15556861571603e-07,1.0,0.5995057419410201,0.30162014206148974,0.2978855998795304,1.0,0.015384615384615385,0.997802734375
1020,four_channel_crossbar,True,1.0,0.3502473444834364,3.668520337087727e-07,1.0,1.9276657186789428,0.5029463065801906,1.424719412098752,1.0,0.015384615384615385,0.999755859375
1021,independent,False,0.110107421875,0.0,1.0987698912210653,0.110107421875,0.0,0.0,0.0,0.0,1.0,0.0
1021,distributed,True,1.0,0.38634169318973544,3.3316427139487098e-06,1.0,0.20467660253177158,0.390375696481262,-0.18569909394949044,0.0,1.0,0.98974609375
1021,central_shared,True,1.0,0.31963595306524584,9.898886661392097e-07,1.0,1.031182849614348,0.2102908130309391,0.8208920365834089,1.0,0.015384615384615385,0.97265625
1021,directional_relay,True,1.0,0.4261049424214477,3.178710311917271e-06,1.0,2.4963779711337013,0.44078251391067136,2.05559545722303,1.0,0.015384615384615385,0.999755859375
1021,four_channel_crossbar,True,1.0,0.2580590615372888,3.6079570463035396e-06,1.0,1.323810960117579,0.08064860700219798,1.243162353115381,1.0,0.015384615384615385,0.99853515625
1022,independent,False,0.1123046875,0.0,1.0987619936358544,0.1123046875,0.0,0.0,0.0,0.0,1.0,0.0
1022,distributed,True,1.0,0.36379430771670446,9.101355435320854e-06,1.0,1.3430549267432996,0.22622843016570326,1.1168264965775965,1.0,0.015384615384615385,1.0
1022,central_shared,True,1.0,0.2715314181601508,3.7274468141372214e-05,1.0,0.3174504651746547,0.07392891344040817,0.24352155173424653,1.0,0.015384615384615385,1.0
1022,directional_relay,True,1.0,0.34463287827269606,1.2066015933372603e-06,1.0,0.9793150116797077,0.22795567328327304,0.7513593383964347,1.0,0.015384615384615385,1.0
1022,four_channel_crossbar,True,1.0,0.38396631638953976,1.1137436383411956e-06,1.0,2.638445908036297,0.3123590241216252,2.326086883914672,1.0,0.015384615384615385,1.0
1023,independent,False,0.112548828125,0.0,1.0999276211959736,0.112548828125,0.0,0.0,0.0,0.0,1.0,0.0
1023,distributed,True,1.0,0.23983636498259825,5.164853894458429e-06,1.0,0.19242681176080814,0.03863975190281366,0.15378705985799448,1.0,0.015384615384615385,0.999267578125
1023,central_shared,True,1.0,0.4836244554208462,5.860339332857399e-06,1.0,3.1121066941504267,0.5423621550067281,2.5697445391436986,1.0,0.015384615384615385,0.9990234375
1023,directional_relay,True,1.0,0.4265938083041072,1.634733598794122e-06,1.0,1.0208867406128044,0.47158928469775246,0.5492974559150519,1.0,0.015384615384615385,0.999755859375
1023,four_channel_crossbar,True,1.0,0.3364824450340909,2.7846202455249517e-06,1.0,3.146173887498807,0.2784488483523202,2.867725039146487,1.0,0.015384615384615385,1.0
